platform,total_events,unique_users,total_impressions,total_views,total_clicks,total_unique_views,total_unique_clicks,click_through_rate,unique_click_through_rate
web,69427,28798,0,68763,664,52786,587,0.9656355889068249,1.112037282612814
ios,290530,39107,0,285680,4850,229990,4395,1.6977037244469337,1.9109526501152223
android,9497,3793,0,9349,148,6595,136,1.5830570114450744,2.0621683093252465
